{
  "properties": {
    "connectionReferences": {
      "shared_commondataserviceforapps": {
        "runtimeSource": "embedded",
        "connection": {
          "connectionReferenceLogicalName": "mks_sharedcommondataserviceforapps_c7dc4"
        },
        "api": {
          "name": "shared_commondataserviceforapps"
        }
      }
    },
    "definition": {
      "$schema": "https://schema.management.azure.com/providers/Microsoft.Logic/schemas/2016-06-01/workflowdefinition.json#",
      "contentVersion": "1.0.0.0",
      "parameters": {
        "$connections": {
          "defaultValue": {},
          "type": "Object"
        },
        "$authentication": {
          "defaultValue": {},
          "type": "SecureObject"
        }
      },
      "triggers": {
        "When_a_row_is_added,_modified_or_deleted": {
          "metadata": {
            "operationMetadataId": "9bde33a2-dfce-4056-af31-89b437758e9e"
          },
          "type": "OpenApiConnectionWebhook",
          "inputs": {
            "host": {
              "connectionName": "shared_commondataserviceforapps",
              "operationId": "SubscribeWebhookTrigger",
              "apiId": "/providers/Microsoft.PowerApps/apis/shared_commondataserviceforapps"
            },
            "parameters": {
              "subscriptionRequest/message": 4,
              "subscriptionRequest/entityname": "mks_lead",
              "subscriptionRequest/scope": 2
            },
            "authentication": "@parameters('$authentication')"
          }
        }
      },
      "actions": {
        "Get_User": {
          "runAfter": {
            "List_Campaigns": [
              "Succeeded"
            ]
          },
          "metadata": {
            "operationMetadataId": "75249d4b-2f62-4f9e-9918-0fabfdb1e494"
          },
          "type": "OpenApiConnection",
          "inputs": {
            "host": {
              "connectionName": "shared_commondataserviceforapps",
              "operationId": "ListRecords",
              "apiId": "/providers/Microsoft.PowerApps/apis/shared_commondataserviceforapps"
            },
            "parameters": {
              "entityName": "systemusers",
              "$filter": "systemuserid eq '14aa1b54-75ee-f011-8407-000d3a3074c8'"
            },
            "authentication": "@parameters('$authentication')"
          }
        },
        "Apply_to_each": {
          "foreach": "@outputs('Get_User')?['body/value']",
          "actions": {
            "Set_variable": {
              "runAfter": {},
              "metadata": {
                "operationMetadataId": "373f9192-6d66-4998-9770-f85cc4b18b59"
              },
              "type": "SetVariable",
              "inputs": {
                "name": "priorityVar",
                "value": {
                  "Important": 2,
                  "Medium": 1,
                  "Low": 0
                }
              }
            },
            "Add_a_new_row": {
              "runAfter": {
                "Set_variable": [
                  "Succeeded"
                ]
              },
              "metadata": {
                "operationMetadataId": "13e22f6c-dae9-48b2-8dd0-813741719692"
              },
              "type": "OpenApiConnection",
              "inputs": {
                "host": {
                  "connectionName": "shared_commondataserviceforapps",
                  "operationId": "CreateRecord",
                  "apiId": "/providers/Microsoft.PowerApps/apis/shared_commondataserviceforapps"
                },
                "parameters": {
                  "entityName": "tasks",
                  "item/subject": "Follow up with @{items('Apply_to_each')?['fullname']}",
                  "item/scheduledend": "@addDays(utcNow(), 2)",
                  "item/ownerid_task@odata.bind": "@items('Apply_to_each')?['@odata']?['id']",
                  "item/prioritycode": "@variables('priorityVar')[triggerOutputs()?['body']['_mks_priority_label']]"
                },
                "authentication": "@parameters('$authentication')"
              }
            },
            "Apply_to_each_2": {
              "foreach": "@outputs('List_Campaigns')?['body/value']",
              "actions": {
                "HTTP_Email": {
                  "runAfter": {},
                  "metadata": {
                    "operationMetadataId": "d5c44a01-d2e1-4f4c-96b1-14cc554ae096"
                  },
                  "type": "Http",
                  "inputs": {
                    "method": "POST",
                    "uri": "https://api.brevo.com/v3/smtp/email",
                    "headers": {
                      "Accept": "application/json",
                      "api-key": "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",
                      "Content-Type": "application/json"
                    },
                    "body": {
                      "sender": {
                        "email": "javier.brevo@outlook.com"
                      },
                      "to": [
                        {
                          "email": "javier.brevo@outlook.com"
                        }
                      ],
                      "subject": "New Lead Created",
                      "htmlContent": "<h3>New Lead Requiring Attention</h3><table border='1' cellpadding='8' cellspacing='0' style='border-collapse:collapse;'><tr><th align='left'>Field</th><th align='left'>Value</th></tr><tr><td>Name</td><td>@{triggerOutputs()?['body/mks_fullname']}</td></tr><tr><td>Email</td><td>@{triggerOutputs()?['body/mks_email']}</td></tr><tr><td>Campaign</td><td>@{items('Apply_to_each_2')?['mks_campaignname']}</td></tr><tr><td>Priority</td><td></td>@{triggerOutputs()?['body']['_mks_priority_label']}</tr></table>"
                    }
                  }
                },
                "Condition": {
                  "actions": {
                    "HTTP_Slack": {
                      "runAfter": {},
                      "metadata": {
                        "operationMetadataId": "33672b72-03a3-4bf7-ba08-a788fda3b84b"
                      },
                      "type": "Http",
                      "inputs": {
                        "method": "POST",
                        "uri": "https://hooks.slack.com/services/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",
                        "headers": {
                          "Content-Type": "application/json"
                        },
                        "body": {
                          "blocks": [
                            {
                              "type": "section",
                              "text": {
                                "type": "mrkdwn",
                                "text": "• Subjust: New High Lead Created\n • Status: Success\n • Date: @{triggerOutputs()?['body/overriddencreatedon']}\n • Lead Name: @{triggerOutputs()?['body/mks_fullname']}\n • Email: @{triggerOutputs()?['body/mks_email']}\n • Campaign: @{items('Apply_to_each_2')?['mks_campaignname']}\n • Assigned to: @{items('Apply_to_each')?['fullname']}\n • Priority: @{triggerOutputs()?['body']['_mks_priority_label']}"
                              }
                            }
                          ]
                        }
                      }
                    }
                  },
                  "runAfter": {
                    "HTTP_Email": [
                      "Succeeded"
                    ]
                  },
                  "expression": {
                    "equals": [
                      "@triggerOutputs()?['body/mks_priority']",
                      192350001
                    ]
                  },
                  "metadata": {
                    "operationMetadataId": "1cf28560-aec9-4534-a51f-3e71c1d5399b"
                  },
                  "type": "If"
                }
              },
              "runAfter": {
                "Add_a_new_row": [
                  "Succeeded"
                ]
              },
              "metadata": {
                "operationMetadataId": "618e9416-bb8f-4ff3-8a81-a53b58ac1be7"
              },
              "type": "Foreach"
            }
          },
          "runAfter": {
            "Get_User": [
              "Succeeded"
            ]
          },
          "metadata": {
            "operationMetadataId": "838157b0-0a26-4bf5-a9d2-ebb4634a97c7"
          },
          "type": "Foreach"
        },
        "Initialize_variable": {
          "runAfter": {},
          "metadata": {
            "operationMetadataId": "dd064355-a673-473a-869c-3309d5fd0edf"
          },
          "type": "InitializeVariable",
          "inputs": {
            "variables": [
              {
                "name": "priorityVar",
                "type": "object"
              }
            ]
          }
        },
        "List_Campaigns": {
          "runAfter": {
            "Initialize_variable": [
              "Succeeded"
            ]
          },
          "metadata": {
            "operationMetadataId": "6fc18d3c-4983-4dca-8c3f-2c98354299b0"
          },
          "type": "OpenApiConnection",
          "inputs": {
            "host": {
              "connectionName": "shared_commondataserviceforapps",
              "operationId": "ListRecords",
              "apiId": "/providers/Microsoft.PowerApps/apis/shared_commondataserviceforapps"
            },
            "parameters": {
              "entityName": "mks_campaigns",
              "$filter": "mks_campaignid eq '2d172b2e-6bcc-4dff-ae8a-f99215892611'"
            },
            "authentication": "@parameters('$authentication')"
          }
        }
      }
    },
    "templateName": ""
  },
  "schemaVersion": "1.0.0.0"
}